{
    "__comment": "Model generated using MrCrayfish's Model Creator (http://mrcrayfish.com/modelcreator/)",
    "textures": {
        "0": "block/plank_x_side",
        "1": "block/plank_x",
        "2": "block/birch_planks"
    },
    "elements": [
        {
            "name": "board",
            "from": [ 0.0, 15.0, 0.0 ], 
            "to": [ 16.0, 16.0, 12.0 ], 
            "faces": {
                "north": { "texture": "#0", "uv": [ 1.0, 7.0, 15.0, 9.0 ] },
                "east": { "texture": "#0", "uv": [ 1.0, 7.0, 15.0, 9.0 ] },
                "south": { "texture": "#0", "uv": [ 1.0, 7.0, 15.0, 9.0 ] },
                "west": { "texture": "#0", "uv": [ 1.0, 7.0, 15.0, 9.0 ] },
                "up": { "texture": "#1", "uv": [ 0.0, 6.0, 16.0, 10.0 ] },
                "down": { "texture": "#2", "uv": [ 6.0, 4.0, 7.0, 5.0 ] }
            }
        }
    ]
}