{
    "__comment": "Model generated using MrCrayfish's Model Creator (http://mrcrayfish.com/modelcreator/)",
    "textures": {
        "0": "block/bendy",
        "1": "block/plank_y_side",
        "2": "block/plank_y"
    },
    "elements": [
        {
            "name": "Bendy",
            "from": [ 0.0, 0.0, 0.0 ], 
            "to": [ 0.0, 26.0, 16.0 ], 
            "faces": {
                "north": { "texture": "#0", "uv": [ 0.0, 0.0, 0.0, 26.0 ] },
                "east": { "texture": "#0", "uv": [ 3.0, 2.0, 13.0, 15.0 ] },
                "south": { "texture": "#-1", "uv": [ 0.0, 0.0, 0.0, 26.0 ] },
                "west": { "texture": "#0", "uv": [ 3.0, 2.0, 13.0, 15.0 ] },
                "up": { "texture": "#-1", "uv": [ 0.0, 0.0, -4.0, 16.0 ] },
                "down": { "texture": "#-1", "uv": [ 0.0, 0.0, 0.0, 16.0 ] }
            }
        },
        {
            "name": "Board",
            "from": [ 1.0, 0.0, 4.0 ], 
            "to": [ 2.0, 20.0, 12.0 ], 
            "faces": {
                "north": { "texture": "#1", "uv": [ 6.0, 0.0, 10.0, 16.0 ] },
                "east": { "texture": "#2", "uv": [ 6.0, 0.0, 10.0, 16.0 ] },
                "south": { "texture": "#1", "uv": [ 10.0, 0.0, 6.0, 16.0 ] },
                "west": { "texture": "#2", "uv": [ 6.0, 0.0, 10.0, 16.0 ] },
                "up": { "texture": "#1", "uv": [ 6.0, 0.0, 10.0, 16.0 ] },
                "down": { "texture": "#1", "uv": [ 6.0, 0.0, 10.0, 16.0 ] }
            }
        },
        {
            "name": "Miniboard",
            "from": [ 2.0, 2.0, 6.0 ], 
            "to": [ 3.0, 9.0, 10.0 ], 
            "rotation": { "origin": [ 8.0, 8.0, 8.0 ], "axis": "z", "angle": 22.5 },
            "faces": {
                "north": { "texture": "#1", "uv": [ 6.0, 0.0, 10.0, 16.0 ] },
                "east": { "texture": "#2", "uv": [ 6.0, 0.0, 10.0, 16.0 ] },
                "south": { "texture": "#1", "uv": [ 6.0, 0.0, 10.0, 16.0 ] },
                "west": { "texture": "#2", "uv": [ 6.0, 0.0, 10.0, 16.0 ] },
                "up": { "texture": "#1", "uv": [ 6.0, 0.0, 10.0, 16.0 ] },
                "down": { "texture": "#1", "uv": [ 6.0, 0.0, 10.0, 16.0 ] }
            }
        }
    ]
}