{
    "__comment": "Model generated using MrCrayfish's Model Creator (http://mrcrayfish.com/modelcreator/)",
    "textures": {
        "0": "block/bacon_soup_bit",
        "1": "block/bacon_soup_lid",
        "2": "block/bacon_soup"
    },
    "elements": [
        {
            "name": "face",
            "from": [ 5.0, 0.0, 6.0 ], 
            "to": [ 6.0, 8.0, 10.0 ], 
            "faces": {
                "north": { "texture": "#0", "uv": [ 8.0, 2.0, 9.0, 14.0 ] },
                "east": { "texture": "#-1", "uv": [ 0.0, 0.0, 4.0, 8.0 ] },
                "south": { "texture": "#0", "uv": [ 16.0, 2.0, 15.0, 14.0 ] },
                "west": { "texture": "#0", "uv": [ 9.0, 2.0, 16.0, 14.0 ] },
                "up": { "texture": "#1", "uv": [ 4.0, 4.0, 5.0, 12.0 ] },
                "down": { "texture": "#1", "uv": [ 11.0, 4.0, 12.0, 12.0 ] }
            }
        },
        {
            "name": "face0",
            "from": [ 6.0, 0.0, 5.0 ], 
            "to": [ 10.0, 8.0, 6.0 ], 
            "faces": {
                "north": { "texture": "#0", "uv": [ 0.0, 2.0, 9.0, 14.0 ] },
                "east": { "texture": "#0", "uv": [ 0.0, 2.0, 0.0, 14.0 ] },
                "south": { "texture": "#-1", "uv": [ 0.0, 0.0, 4.0, 9.0 ] },
                "west": { "texture": "#0", "uv": [ 8.0, 2.0, 9.0, 14.0 ] },
                "up": { "texture": "#1", "uv": [ 4.0, 4.0, 12.0, 5.0 ] },
                "down": { "texture": "#1", "uv": [ 12.0, 4.0, 4.0, 5.0 ] }
            }
        },
        {
            "name": "face1",
            "from": [ 10.0, 0.0, 6.0 ], 
            "to": [ 11.0, 8.0, 10.0 ], 
            "faces": {
                "north": { "texture": "#0", "uv": [ 8.0, 2.0, 9.0, 14.0 ] },
                "east": { "texture": "#2", "uv": [ 11.0, 2.0, 16.0, 14.0 ] },
                "south": { "texture": "#2", "uv": [ 9.0, 2.0, 11.0, 14.0 ] },
                "west": { "texture": "#-1", "uv": [ 0.0, 0.0, 4.0, 8.0 ] },
                "up": { "texture": "#1", "uv": [ 11.0, 4.0, 12.0, 12.0 ] },
                "down": { "texture": "#1", "uv": [ 4.0, 4.0, 5.0, 12.0 ] }
            }
        },
        {
            "name": "face2",
            "from": [ 6.0, 0.0, 10.0 ], 
            "to": [ 10.0, 8.0, 11.0 ], 
            "faces": {
                "north": { "texture": "#-1", "uv": [ 0.0, 0.0, 4.0, 8.0 ] },
                "east": { "texture": "#2", "uv": [ 8.0, 2.0, 9.0, 14.0 ] },
                "south": { "texture": "#2", "uv": [ 0.0, 2.0, 8.0, 14.0 ] },
                "west": { "texture": "#0", "uv": [ 8.0, 2.0, 9.0, 14.0 ] },
                "up": { "texture": "#1", "uv": [ 4.0, 4.0, 12.0, 5.0 ] },
                "down": { "texture": "#1", "uv": [ 4.0, 4.0, 12.0, 5.0 ] }
            }
        },
        {
            "name": "lid0",
            "from": [ 6.0, 8.0, 6.0 ], 
            "to": [ 10.0, 8.0, 10.0 ], 
            "faces": {
                "north": { "texture": "#-1", "uv": [ 0.0, 0.0, 4.0, 1.0 ] },
                "east": { "texture": "#-1", "uv": [ 0.0, 0.0, 4.0, 1.0 ] },
                "south": { "texture": "#-1", "uv": [ 0.0, 0.0, 4.0, 1.0 ] },
                "west": { "texture": "#-1", "uv": [ 0.0, 0.0, 4.0, 1.0 ] },
                "up": { "texture": "#1", "uv": [ 6.0, 6.0, 10.0, 10.0 ] },
                "down": { "texture": "#-1", "uv": [ 0.0, 0.0, 4.0, 4.0 ] }
            }
        },
        {
            "name": "lid1",
            "from": [ 6.0, 0.0, 6.0 ], 
            "to": [ 10.0, 0.0, 10.0 ], 
            "faces": {
                "north": { "texture": "#-1", "uv": [ 0.0, 0.0, 4.0, 0.0 ] },
                "east": { "texture": "#-1", "uv": [ 0.0, 0.0, 4.0, 0.0 ] },
                "south": { "texture": "#-1", "uv": [ 0.0, 0.0, 4.0, 0.0 ] },
                "west": { "texture": "#-1", "uv": [ 0.0, 0.0, 4.0, 0.0 ] },
                "up": { "texture": "#-1", "uv": [ 0.0, 0.0, 4.0, 4.0 ] },
                "down": { "texture": "#1", "uv": [ 6.0, 6.0, 10.0, 10.0 ] }
            }
        }
    ]
}