{
    "__comment": "Model generated using MrCrayfish's Model Creator (http://mrcrayfish.com/modelcreator/)",
    "textures": {
        "0": "block/plank_gross_or_fancy_how_are_you_supposed_to_tell",
        "1": "block/plank_y_side",
        "2": "block/plank_y"
    },
    "elements": [
        {
            "name": "board",
            "from": [ 1.0, 0.0, 0.0 ], 
            "to": [ 15.0, 32.0, 1.0 ], 
            "faces": {
                "north": { "texture": "#0", "uv": [ 6.0, 0.0, 10.0, 16.0 ] },
                "east": { "texture": "#1", "uv": [ 6.0, 0.0, 10.0, 16.0 ] },
                "south": { "texture": "#2", "uv": [ 6.0, 0.0, 10.0, 16.0 ] },
                "west": { "texture": "#1", "uv": [ 6.0, 0.0, 10.0, 16.0 ] },
                "up": { "texture": "#2", "uv": [ 6.0, 0.0, 10.0, 16.0 ], "rotation": 90 },
                "down": { "texture": "#2", "uv": [ 6.0, 0.0, 10.0, 16.0 ], "rotation": 90 }
            }
        }
    ]
}