{
    "__comment": "Model generated using MrCrayfish's Model Creator (http://mrcrayfish.com/modelcreator/)",
    "textures": {
        "0": "block/senpai_err_themeatly"
    },
    "elements": [
        {
            "name": "Cube",
            "from": [ 0.0, 0.0, 0.0 ], 
            "to": [ 16.0, 20.0, 0.0 ], 
            "faces": {
                "north": { "texture": "#0", "uv": [ 0.0, 0.0, 16.0, 16.0 ] },
                "east": { "texture": "#-1", "uv": [ 0.0, 0.0, 0.0, 20.0 ] },
                "south": { "texture": "#0", "uv": [ 0.0, 0.0, 16.0, 16.0 ] },
                "west": { "texture": "#-1", "uv": [ 0.0, 0.0, 0.0, 20.0 ] },
                "up": { "texture": "#-1", "uv": [ 0.0, 0.0, 16.0, 0.0 ] },
                "down": { "texture": "#-1", "uv": [ 0.0, 0.0, 16.0, 0.0 ] }
            }
        }
    ]
}