{
    "__comment": "Model generated using MrCrayfish's Model Creator (http://mrcrayfish.com/modelcreator/)",
    "textures": {
        "0": "block/plank_y",
        "1": "block/plank_y_side",
        "2": "block/plank_x_side",
        "3": "block/plank_gross_or_fancy_how_are_you_supposed_to_tell",
        "4": "block/desk_drawings"
    },
    "elements": [
        {
            "name": "leg_1",
            "from": [ 13.0, 0.0, -1.0 ], 
            "to": [ 16.0, 24.0, 1.0 ], 
            "faces": {
                "north": { "texture": "#0", "uv": [ 6.0, 0.0, 10.0, 16.0 ] },
                "east": { "texture": "#1", "uv": [ 6.0, 0.0, 10.0, 16.0 ] },
                "south": { "texture": "#0", "uv": [ 6.0, 0.0, 10.0, 16.0 ] },
                "west": { "texture": "#0", "uv": [ 6.0, 0.0, 10.0, 16.0 ] },
                "up": { "texture": "#2", "uv": [ 5.0, 6.0, 12.0, 10.0 ] },
                "down": { "texture": "#2", "uv": [ 16.0, 6.0, 12.0, 10.0 ] }
            }
        },
        {
            "name": "leg_3",
            "from": [ 0.0, 0.0, -1.0 ], 
            "to": [ 2.0, 13.0, 0.0 ], 
            "faces": {
                "north": { "texture": "#0", "uv": [ 6.0, 0.0, 10.0, 16.0 ] },
                "east": { "texture": "#1", "uv": [ 6.0, 0.0, 10.0, 16.0 ] },
                "south": { "texture": "#0", "uv": [ 6.0, 0.0, 10.0, 16.0 ] },
                "west": { "texture": "#0", "uv": [ 6.0, 0.0, 10.0, 16.0 ] },
                "up": { "texture": "#2", "uv": [ 0.0, 6.0, 4.0, 10.0 ] },
                "down": { "texture": "#2", "uv": [ 0.0, 6.0, 4.0, 10.0 ] }
            }
        },
        {
            "name": "board",
            "from": [ 2.0, 8.0, 0.0 ], 
            "to": [ 14.0, 9.0, 16.0 ], 
            "faces": {
                "north": { "texture": "#2", "uv": [ 0.0, 6.0, 16.0, 10.0 ] },
                "east": { "texture": "#2", "uv": [ 0.0, 6.0, 16.0, 10.0 ] },
                "south": { "texture": "#2", "uv": [ 0.0, 6.0, 16.0, 10.0 ] },
                "west": { "texture": "#2", "uv": [ 0.0, 6.0, 16.0, 10.0 ] },
                "up": { "texture": "#3", "uv": [ 6.0, 0.0, 10.0, 16.0 ] },
                "down": { "texture": "#3", "uv": [ 6.0, 0.0, 10.0, 16.0 ] }
            }
        },
        {
            "name": "drawing_board",
            "from": [ 0.0, 4.0, 0.0 ], 
            "to": [ 1.0, 22.0, 16.0 ], 
            "rotation": { "origin": [ 8.0, 8.0, 8.0 ], "axis": "z", "angle": -45.0 },
            "faces": {
                "north": { "texture": "#4", "uv": [ 0.0, 1.0, 1.0, 1.0 ] },
                "east": { "texture": "#4", "uv": [ 1.0, 0.0, 2.0, 0.0 ] },
                "south": { "texture": "#4", "uv": [ 1.0, 0.0, 2.0, 1.0 ] },
                "west": { "texture": "#4", "uv": [ 0.0, 0.0, 16.0, 16.0 ] },
                "up": { "texture": "#4", "uv": [ 1.0, 0.0, 2.0, 1.0 ] },
                "down": { "texture": "#4", "uv": [ 1.0, 0.0, 2.0, 1.0 ] }
            }
        },
        {
            "name": "leg_2",
            "from": [ 13.0, 0.0, 15.0 ], 
            "to": [ 16.0, 24.0, 17.0 ], 
            "faces": {
                "north": { "texture": "#0", "uv": [ 6.0, 0.0, 10.0, 16.0 ] },
                "east": { "texture": "#1", "uv": [ 6.0, 0.0, 10.0, 16.0 ] },
                "south": { "texture": "#0", "uv": [ 6.0, 0.0, 10.0, 16.0 ] },
                "west": { "texture": "#0", "uv": [ 6.0, 0.0, 10.0, 16.0 ] },
                "up": { "texture": "#2", "uv": [ 5.0, 6.0, 12.0, 10.0 ] },
                "down": { "texture": "#2", "uv": [ 16.0, 6.0, 12.0, 10.0 ] }
            }
        },
        {
            "name": "leg_4",
            "from": [ 0.0, 0.0, 16.0 ], 
            "to": [ 2.0, 13.0, 17.0 ], 
            "faces": {
                "north": { "texture": "#0", "uv": [ 6.0, 0.0, 10.0, 16.0 ] },
                "east": { "texture": "#1", "uv": [ 6.0, 0.0, 10.0, 16.0 ] },
                "south": { "texture": "#0", "uv": [ 6.0, 0.0, 10.0, 16.0 ] },
                "west": { "texture": "#0", "uv": [ 6.0, 0.0, 10.0, 16.0 ] },
                "up": { "texture": "#2", "uv": [ 0.0, 6.0, 4.0, 10.0 ] },
                "down": { "texture": "#2", "uv": [ 0.0, 6.0, 4.0, 10.0 ] }
            }
        }
    ]
}