{
    "__comment": "Model generated using MrCrayfish's Model Creator (http://mrcrayfish.com/modelcreator/)",
    "textures": {
        "0": "block/birch_planks",
        "1": "block/plank_gross_or_fancy_how_are_you_supposed_to_tell",
        "2": "block/an_even_worse_excuse_of_a_texture"
    },
    "elements": [
        {
            "name": "Board",
            "from": [ 5.0, 15.0, 2.0 ], 
            "to": [ 11.0, 16.0, 14.0 ], 
            "faces": {
                "north": { "texture": "#0", "uv": [ 14.0, 0.0, 16.0, 16.0 ] },
                "east": { "texture": "#0", "uv": [ 14.0, 0.0, 16.0, 16.0 ] },
                "south": { "texture": "#0", "uv": [ 14.0, 0.0, 16.0, 16.0 ] },
                "west": { "texture": "#0", "uv": [ 14.0, 0.0, 16.0, 16.0 ] },
                "up": { "texture": "#1", "uv": [ 7.0, 0.0, 9.0, 16.0 ] },
                "down": { "texture": "#1", "uv": [ 7.0, 0.0, 9.0, 16.0 ] }
            }
        },
        {
            "name": "Let_there_be_light",
            "from": [ 7.0, 14.0, 3.0 ], 
            "to": [ 9.0, 15.0, 13.0 ], 
            "faces": {
                "north": { "texture": "#2", "uv": [ 0.0, 0.0, 2.0, 1.0 ] },
                "east": { "texture": "#2", "uv": [ 0.0, 0.0, 10.0, 1.0 ] },
                "south": { "texture": "#2", "uv": [ 0.0, 0.0, 2.0, 1.0 ] },
                "west": { "texture": "#2", "uv": [ 0.0, 0.0, 10.0, 1.0 ] },
                "up": { "texture": "#2", "uv": [ 0.0, 0.0, 2.0, 10.0 ] },
                "down": { "texture": "#2", "uv": [ 0.0, 0.0, 2.0, 10.0 ] }
            }
        },
        {
            "name": "Side_1",
            "from": [ 6.0, 14.0, 3.0 ], 
            "to": [ 7.0, 15.0, 13.0 ], 
            "faces": {
                "north": { "texture": "#0", "uv": [ 15.0, 3.0, 16.0, 4.0 ] },
                "east": { "texture": "#0", "uv": [ 16.0, 3.0, 15.0, 4.0 ] },
                "south": { "texture": "#0", "uv": [ 16.0, 3.0, 15.0, 4.0 ] },
                "west": { "texture": "#0", "uv": [ 15.0, 3.0, 16.0, 4.0 ] },
                "up": { "texture": "#0", "uv": [ 15.0, 3.0, 16.0, 4.0 ] },
                "down": { "texture": "#0", "uv": [ 16.0, 3.0, 15.0, 4.0 ] }
            }
        },
        {
            "name": "Side_2",
            "from": [ 9.0, 14.0, 3.0 ], 
            "to": [ 10.0, 15.0, 13.0 ], 
            "faces": {
                "north": { "texture": "#0", "uv": [ 15.0, 3.0, 16.0, 4.0 ] },
                "east": { "texture": "#0", "uv": [ 16.0, 3.0, 15.0, 4.0 ] },
                "south": { "texture": "#0", "uv": [ 16.0, 3.0, 15.0, 4.0 ] },
                "west": { "texture": "#0", "uv": [ 15.0, 3.0, 16.0, 4.0 ] },
                "up": { "texture": "#0", "uv": [ 15.0, 3.0, 16.0, 4.0 ] },
                "down": { "texture": "#0", "uv": [ 16.0, 3.0, 15.0, 4.0 ] }
            }
        },
        {
            "name": "Side_3",
            "from": [ 7.0, 14.0, 13.0 ], 
            "to": [ 9.0, 15.0, 14.0 ], 
            "faces": {
                "north": { "texture": "#0", "uv": [ 15.0, 3.0, 16.0, 4.0 ] },
                "east": { "texture": "#0", "uv": [ 16.0, 3.0, 15.0, 4.0 ] },
                "south": { "texture": "#0", "uv": [ 16.0, 3.0, 15.0, 4.0 ] },
                "west": { "texture": "#0", "uv": [ 15.0, 3.0, 16.0, 4.0 ] },
                "up": { "texture": "#0", "uv": [ 15.0, 3.0, 16.0, 4.0 ] },
                "down": { "texture": "#0", "uv": [ 16.0, 3.0, 15.0, 4.0 ] }
            }
        },
        {
            "name": "Side_4",
            "from": [ 7.0, 14.0, 2.0 ], 
            "to": [ 9.0, 15.0, 3.0 ], 
            "faces": {
                "north": { "texture": "#0", "uv": [ 15.0, 3.0, 16.0, 4.0 ] },
                "east": { "texture": "#0", "uv": [ 16.0, 3.0, 15.0, 4.0 ] },
                "south": { "texture": "#0", "uv": [ 16.0, 3.0, 15.0, 4.0 ] },
                "west": { "texture": "#0", "uv": [ 15.0, 3.0, 16.0, 4.0 ] },
                "up": { "texture": "#0", "uv": [ 15.0, 3.0, 16.0, 4.0 ] },
                "down": { "texture": "#0", "uv": [ 16.0, 3.0, 15.0, 4.0 ] }
            }
        },
        {
            "name": "Working light source?",
            "from": [ 0.0, 16.0, 0.0 ], 
            "to": [ 16.0, 16.0, 16.0 ], 
            "faces": {
                "north": { "texture": "#-1", "uv": [ 0.0, 0.0, 16.0, 0.0 ] },
                "east": { "texture": "#-1", "uv": [ 0.0, 0.0, 16.0, 0.0 ] },
                "south": { "texture": "#-1", "uv": [ 0.0, 0.0, 16.0, 0.0 ] },
                "west": { "texture": "#-1", "uv": [ 0.0, 0.0, 16.0, 0.0 ] },
                "up": { "texture": "#0", "uv": [ 0.0, 0.0, 16.0, 16.0 ] },
                "down": { "texture": "#0", "uv": [ 0.0, 0.0, 16.0, 16.0 ] }
            }
        }
    ]
}