{
    "__comment": "Model generated using MrCrayfish's Model Creator (http://mrcrayfish.com/modelcreator/)",
    "textures": {
        "0": "block/plank_y",
        "1": "block/white_terracotta"
    },
    "elements": [
        {
            "name": "something",
            "from": [ 13.0, 0.0, 1.0 ], 
            "to": [ 15.0, 10.0, 2.0 ], 
            "faces": {
                "north": { "texture": "#0", "uv": [ 6.0, 0.0, 10.0, 16.0 ] },
                "east": { "texture": "#0", "uv": [ 6.0, 0.0, 10.0, 16.0 ] },
                "south": { "texture": "#0", "uv": [ 6.0, 0.0, 10.0, 16.0 ] },
                "west": { "texture": "#0", "uv": [ 6.0, 0.0, 10.0, 16.0 ] },
                "up": { "texture": "#-1", "uv": [ 0.0, 0.0, 2.0, 1.0 ] },
                "down": { "texture": "#0", "uv": [ 6.0, 2.0, 10.0, 14.0 ], "rotation": 90 }
            }
        },
        {
            "name": "wee",
            "from": [ 13.0, 0.0, 14.0 ], 
            "to": [ 15.0, 10.0, 15.0 ], 
            "faces": {
                "north": { "texture": "#0", "uv": [ 6.0, 0.0, 10.0, 16.0 ] },
                "east": { "texture": "#0", "uv": [ 6.0, 0.0, 10.0, 16.0 ] },
                "south": { "texture": "#0", "uv": [ 6.0, 0.0, 10.0, 16.0 ] },
                "west": { "texture": "#0", "uv": [ 6.0, 0.0, 10.0, 16.0 ] },
                "up": { "texture": "#-1", "uv": [ 0.0, 0.0, 2.0, 1.0 ] },
                "down": { "texture": "#0", "uv": [ 6.0, 2.0, 10.0, 13.0 ], "rotation": 90 }
            }
        },
        {
            "name": "blah",
            "from": [ 1.0, 0.0, 14.0 ], 
            "to": [ 3.0, 10.0, 15.0 ], 
            "faces": {
                "north": { "texture": "#0", "uv": [ 6.0, 0.0, 10.0, 16.0 ] },
                "east": { "texture": "#0", "uv": [ 6.0, 0.0, 10.0, 16.0 ] },
                "south": { "texture": "#0", "uv": [ 6.0, 0.0, 10.0, 16.0 ] },
                "west": { "texture": "#0", "uv": [ 6.0, 0.0, 10.0, 16.0 ] },
                "up": { "texture": "#0", "uv": [ 6.0, 2.0, 10.0, 13.0 ], "rotation": 90 },
                "down": { "texture": "#0", "uv": [ 6.0, 2.0, 10.0, 13.0 ], "rotation": 90 }
            }
        },
        {
            "name": "stuff_n_junk",
            "from": [ 1.0, 0.0, 1.0 ], 
            "to": [ 3.0, 10.0, 2.0 ], 
            "faces": {
                "north": { "texture": "#0", "uv": [ 6.0, 0.0, 10.0, 16.0 ] },
                "east": { "texture": "#0", "uv": [ 6.0, 0.0, 10.0, 16.0 ] },
                "south": { "texture": "#0", "uv": [ 6.0, 0.0, 10.0, 16.0 ] },
                "west": { "texture": "#0", "uv": [ 6.0, 0.0, 10.0, 16.0 ] },
                "up": { "texture": "#0", "uv": [ 6.0, 2.0, 10.0, 14.0 ], "rotation": 90 },
                "down": { "texture": "#0", "uv": [ 6.0, 2.0, 10.0, 14.0 ], "rotation": 90 }
            }
        },
        {
            "name": "yeets",
            "from": [ 0.0, 4.0, 1.0 ], 
            "to": [ 1.0, 6.0, 15.0 ], 
            "faces": {
                "north": { "texture": "#0", "uv": [ 6.0, 2.0, 10.0, 14.0 ] },
                "east": { "texture": "#0", "uv": [ 6.0, 0.0, 10.0, 16.0 ], "rotation": 90 },
                "south": { "texture": "#0", "uv": [ 6.0, 2.0, 10.0, 14.0 ] },
                "west": { "texture": "#0", "uv": [ 6.0, 0.0, 10.0, 16.0 ], "rotation": 90 },
                "up": { "texture": "#0", "uv": [ 6.0, 0.0, 10.0, 16.0 ] },
                "down": { "texture": "#0", "uv": [ 6.0, 0.0, 10.0, 16.0 ], "rotation": 180 }
            }
        },
        {
            "name": "neo",
            "from": [ 3.0, 9.0, 1.0 ], 
            "to": [ 13.0, 10.0, 2.0 ], 
            "faces": {
                "north": { "texture": "#1", "uv": [ 0.0, 0.0, 10.0, 1.0 ] },
                "east": { "texture": "#1", "uv": [ 0.0, 0.0, 1.0, 1.0 ] },
                "south": { "texture": "#1", "uv": [ 0.0, 0.0, 10.0, 1.0 ] },
                "west": { "texture": "#1", "uv": [ 0.0, 0.0, 1.0, 1.0 ] },
                "up": { "texture": "#1", "uv": [ 0.0, 0.0, 10.0, 1.0 ] },
                "down": { "texture": "#1", "uv": [ 0.0, 0.0, 10.0, 1.0 ] }
            }
        },
        {
            "name": "noot",
            "from": [ 3.0, 9.0, 14.0 ], 
            "to": [ 13.0, 10.0, 15.0 ], 
            "faces": {
                "north": { "texture": "#1", "uv": [ 0.0, 0.0, 10.0, 1.0 ] },
                "east": { "texture": "#1", "uv": [ 0.0, 0.0, 1.0, 1.0 ] },
                "south": { "texture": "#1", "uv": [ 0.0, 0.0, 10.0, 1.0 ] },
                "west": { "texture": "#1", "uv": [ 0.0, 0.0, 1.0, 1.0 ] },
                "up": { "texture": "#1", "uv": [ 0.0, 0.0, 10.0, 1.0 ] },
                "down": { "texture": "#1", "uv": [ 0.0, 0.0, 10.0, 1.0 ] }
            }
        },
        {
            "name": "memes",
            "from": [ 13.0, 10.0, 0.0 ], 
            "to": [ 16.0, 11.0, 16.0 ], 
            "faces": {
                "north": { "texture": "#0", "uv": [ 6.0, 2.0, 10.0, 14.0 ], "rotation": 90 },
                "east": { "texture": "#0", "uv": [ 6.0, 0.0, 10.0, 16.0 ], "rotation": 270 },
                "south": { "texture": "#0", "uv": [ 6.0, 2.0, 10.0, 14.0 ], "rotation": 90 },
                "west": { "texture": "#0", "uv": [ 6.0, 0.0, 10.0, 16.0 ], "rotation": 270 },
                "up": { "texture": "#0", "uv": [ 6.0, 0.0, 10.0, 16.0 ], "rotation": 180 },
                "down": { "texture": "#0", "uv": [ 6.0, 0.0, 10.0, 16.0 ], "rotation": 180 }
            }
        },
        {
            "name": "yeah",
            "from": [ 9.0, 10.0, 0.0 ], 
            "to": [ 12.0, 11.0, 16.0 ], 
            "faces": {
                "north": { "texture": "#0", "uv": [ 6.0, 2.0, 10.0, 14.0 ], "rotation": 90 },
                "east": { "texture": "#0", "uv": [ 6.0, 0.0, 10.0, 16.0 ], "rotation": 90 },
                "south": { "texture": "#0", "uv": [ 6.0, 2.0, 10.0, 14.0 ], "rotation": 90 },
                "west": { "texture": "#0", "uv": [ 6.0, 0.0, 10.0, 16.0 ], "rotation": 90 },
                "up": { "texture": "#0", "uv": [ 6.0, 0.0, 10.0, 16.0 ] },
                "down": { "texture": "#0", "uv": [ 6.0, 0.0, 10.0, 16.0 ] }
            }
        },
        {
            "name": "moar",
            "from": [ 5.0, 10.0, 0.0 ], 
            "to": [ 8.0, 11.0, 16.0 ], 
            "faces": {
                "north": { "texture": "#0", "uv": [ 6.0, 2.0, 10.0, 14.0 ], "rotation": 90 },
                "east": { "texture": "#0", "uv": [ 6.0, 0.0, 10.0, 16.0 ], "rotation": 90 },
                "south": { "texture": "#0", "uv": [ 6.0, 2.0, 10.0, 14.0 ], "rotation": 90 },
                "west": { "texture": "#0", "uv": [ 6.0, 0.0, 10.0, 16.0 ], "rotation": 270 },
                "up": { "texture": "#0", "uv": [ 6.0, 0.0, 10.0, 16.0 ] },
                "down": { "texture": "#0", "uv": [ 6.0, 0.0, 10.0, 16.0 ], "rotation": 180 }
            }
        },
        {
            "name": "cats_r_cute",
            "from": [ 1.0, 9.0, 2.0 ], 
            "to": [ 2.0, 18.0, 3.0 ], 
            "faces": {
                "north": { "texture": "#1", "uv": [ 0.0, 0.0, 1.0, 9.0 ] },
                "east": { "texture": "#1", "uv": [ 0.0, 0.0, 1.0, 9.0 ] },
                "south": { "texture": "#1", "uv": [ 0.0, 0.0, 1.0, 9.0 ] },
                "west": { "texture": "#1", "uv": [ 0.0, 0.0, 1.0, 9.0 ] },
                "up": { "texture": "#1", "uv": [ 0.0, 0.0, 1.0, 1.0 ] },
                "down": { "texture": "#1", "uv": [ 0.0, 0.0, 1.0, 1.0 ] }
            }
        },
        {
            "name": "bad",
            "from": [ 1.0, 9.0, 13.0 ], 
            "to": [ 2.0, 18.0, 14.0 ], 
            "faces": {
                "north": { "texture": "#1", "uv": [ 0.0, 0.0, 1.0, 9.0 ] },
                "east": { "texture": "#1", "uv": [ 0.0, 0.0, 1.0, 9.0 ] },
                "south": { "texture": "#1", "uv": [ 0.0, 0.0, 1.0, 9.0 ] },
                "west": { "texture": "#1", "uv": [ 0.0, 0.0, 1.0, 9.0 ] },
                "up": { "texture": "#1", "uv": [ 0.0, 0.0, 1.0, 1.0 ] },
                "down": { "texture": "#1", "uv": [ 0.0, 0.0, 1.0, 1.0 ] }
            }
        },
        {
            "name": "yeahboi",
            "from": [ 2.0, 11.0, 0.0 ], 
            "to": [ 3.0, 13.0, 16.0 ], 
            "faces": {
                "north": { "texture": "#0", "uv": [ 6.0, 2.0, 10.0, 14.0 ] },
                "east": { "texture": "#0", "uv": [ 6.0, 0.0, 10.0, 16.0 ], "rotation": 270 },
                "south": { "texture": "#0", "uv": [ 6.0, 2.0, 10.0, 14.0 ] },
                "west": { "texture": "#0", "uv": [ 6.0, 0.0, 10.0, 16.0 ], "rotation": 90 },
                "up": { "texture": "#0", "uv": [ 6.0, 0.0, 10.0, 16.0 ] },
                "down": { "texture": "#0", "uv": [ 6.0, 0.0, 10.0, 16.0 ] }
            }
        },
        {
            "name": "mess",
            "from": [ 2.0, 14.0, 0.0 ], 
            "to": [ 3.0, 16.0, 16.0 ], 
            "faces": {
                "north": { "texture": "#0", "uv": [ 6.0, 2.0, 10.0, 8.0 ] },
                "east": { "texture": "#0", "uv": [ 6.0, 0.0, 10.0, 16.0 ], "rotation": 270 },
                "south": { "texture": "#0", "uv": [ 6.0, 2.0, 10.0, 14.0 ] },
                "west": { "texture": "#0", "uv": [ 6.0, 0.0, 10.0, 16.0 ], "rotation": 270 },
                "up": { "texture": "#0", "uv": [ 6.0, 0.0, 10.0, 16.0 ], "rotation": 180 },
                "down": { "texture": "#0", "uv": [ 6.0, 0.0, 10.0, 16.0 ], "rotation": 180 }
            }
        },
        {
            "name": "pls",
            "from": [ 2.0, 17.0, 0.0 ], 
            "to": [ 3.0, 19.0, 16.0 ], 
            "faces": {
                "north": { "texture": "#0", "uv": [ 6.0, 2.0, 10.0, 14.0 ] },
                "east": { "texture": "#0", "uv": [ 6.0, 0.0, 10.0, 16.0 ], "rotation": 90 },
                "south": { "texture": "#0", "uv": [ 6.0, 2.0, 10.0, 14.0 ] },
                "west": { "texture": "#0", "uv": [ 6.0, 0.0, 10.0, 16.0 ], "rotation": 90 },
                "up": { "texture": "#0", "uv": [ 6.0, 0.0, 10.0, 16.0 ] },
                "down": { "texture": "#0", "uv": [ 6.0, 0.0, 10.0, 16.0 ] }
            }
        }
    ]
}