{
    "__comment": "Model generated using MrCrayfish's Model Creator (http://mrcrayfish.com/modelcreator/)",
    "textures": {
        "0": "block/bendy_mask"
    },
    "elements": [
        {
            "name": "mask",
            "from": [ 4.0, 0.0, 4.0 ], 
            "to": [ 12.0, 8.0, 12.0 ], 
            "faces": {
                "north": { "texture": "#0", "uv": [ 0.0, 9.0, 13.0, 16.0 ], "rotation": 180 },
                "east": { "texture": "#0", "uv": [ 0.0, 9.0, 13.0, 16.0 ] },
                "south": { "texture": "#0", "uv": [ 0.0, 9.0, 13.0, 16.0 ] },
                "west": { "texture": "#0", "uv": [ 2.0, 0.0, 14.0, 9.0 ] },
                "up": { "texture": "#0", "uv": [ 1.0, 8.0, 5.0, 11.0 ] },
                "down": { "texture": "#0", "uv": [ 1.0, 7.0, 3.0, 9.0 ] }
            }
        }
    ]
}